subject,elapsed_time
HN1869,0.11702990531921387
HN1869,0.11702990531921387
HN1869,0.11702990531921387
HN1869,0.11702990531921387
HN1869,0.11702990531921387
HN1869,0.11702990531921387
HN1869,0.11702990531921387
HN1869,0.11702990531921387
HN1869,0.11702990531921387
HN1869,0.11702990531921387
HN1869,0.11702990531921387
HN1869,0.11702990531921387
HN1869,0.11702990531921387
HN1869,0.11702990531921387
HN1697,0.03614974021911621
HN1697,0.03614974021911621
HN1697,0.03614974021911621
HN1697,0.03614974021911621
HN1697,0.03614974021911621
HN1697,0.03614974021911621
HN1371,0.05857133865356445
HN1371,0.05857133865356445
HN1371,0.05857133865356445
HN1371,0.05857133865356445
HN1371,0.05857133865356445
HN1371,0.05857133865356445
HN1371,0.05857133865356445
HN1371,0.05857133865356445
HN1371,0.05857133865356445
HN1371,0.05857133865356445
HN1371,0.05857133865356445
HN1500,0.05594754219055176
HN1500,0.05594754219055176
HN1500,0.05594754219055176
HN1500,0.05594754219055176
HN1500,0.05594754219055176
HN1500,0.05594754219055176
HN1500,0.05594754219055176
HN1500,0.05594754219055176
HN1500,0.05594754219055176
HN1500,0.05594754219055176
HN1500,0.05594754219055176
HN1500,0.05594754219055176
HN1500,0.05594754219055176
HN1259,0.03350329399108887
HN1259,0.03350329399108887
HN1259,0.03350329399108887
HN1395,0.036661624908447266
HN1395,0.036661624908447266
HN1395,0.036661624908447266
HN1395,0.036661624908447266
HN1395,0.036661624908447266
HN1395,0.036661624908447266
HN1395,0.036661624908447266
HN1308,0.03481793403625488
HN1308,0.03481793403625488
HN1308,0.03481793403625488
HN1308,0.03481793403625488
HN1308,0.03481793403625488
HN1308,0.03481793403625488
HN1308,0.03481793403625488
HN1197,0.05376911163330078
HN1197,0.05376911163330078
HN1197,0.05376911163330078
HN1197,0.05376911163330078
HN1197,0.05376911163330078
HN1197,0.05376911163330078
HN1197,0.05376911163330078
HN1197,0.05376911163330078
HN1197,0.05376911163330078
HN1197,0.05376911163330078
HN1197,0.05376911163330078
HN1197,0.05376911163330078
HN1079,0.07524585723876953
HN1079,0.07524585723876953
HN1079,0.07524585723876953
HN1079,0.07524585723876953
HN1079,0.07524585723876953
HN1079,0.07524585723876953
HN1079,0.07524585723876953
HN1079,0.07524585723876953
HN1079,0.07524585723876953
HN1079,0.07524585723876953
HN1079,0.07524585723876953
HN1079,0.07524585723876953
HN1079,0.07524585723876953
HN1079,0.07524585723876953
HN1079,0.07524585723876953
HN1079,0.07524585723876953
HN1079,0.07524585723876953
HN1079,0.07524585723876953
HN1079,0.07524585723876953
HN1079,0.07524585723876953
HN1079,0.07524585723876953
HN1067,0.030715465545654297
HN1067,0.030715465545654297
HN1096,0.03514599800109863
HN1096,0.03514599800109863
HN1096,0.03514599800109863
HN1096,0.03514599800109863
HN1200,0.03075551986694336
HN1200,0.03075551986694336
HN1200,0.03075551986694336
HN1323,0.038788795471191406
HN1323,0.038788795471191406
HN1323,0.038788795471191406
HN1323,0.038788795471191406
HN1323,0.038788795471191406
HN1323,0.038788795471191406
HN1323,0.038788795471191406
HN1323,0.038788795471191406
HN1323,0.038788795471191406
HN1323,0.038788795471191406
HN1323,0.038788795471191406
HN1323,0.038788795471191406
HN1323,0.038788795471191406
HN1323,0.038788795471191406
HN1517,0.05121874809265137
HN1517,0.05121874809265137
HN1517,0.05121874809265137
HN1517,0.05121874809265137
HN1517,0.05121874809265137
HN1517,0.05121874809265137
HN1517,0.05121874809265137
HN1517,0.05121874809265137
HN1517,0.05121874809265137
HN1517,0.05121874809265137
HN1517,0.05121874809265137
HN1517,0.05121874809265137
HN1517,0.05121874809265137
HN1703,0.04358625411987305
HN1703,0.04358625411987305
HN1703,0.04358625411987305
HN1703,0.04358625411987305
HN1703,0.04358625411987305
HN1703,0.04358625411987305
HN1703,0.04358625411987305
HN1703,0.04358625411987305
HN1703,0.04358625411987305
HN1703,0.04358625411987305
HN1703,0.04358625411987305
HN1703,0.04358625411987305
HN1703,0.04358625411987305
HN1851,0.09244966506958008
HN1851,0.09244966506958008
HN1851,0.09244966506958008
HN1851,0.09244966506958008
HN1851,0.09244966506958008
HN1851,0.09244966506958008
HN1851,0.09244966506958008
HN1851,0.09244966506958008
HN1851,0.09244966506958008
HN1851,0.09244966506958008
HN1851,0.09244966506958008
HN1851,0.09244966506958008
HN1851,0.09244966506958008
HN1851,0.09244966506958008
HN1860,0.03125286102294922
HN1860,0.03125286102294922
HN1555,0.05567312240600586
HN1555,0.05567312240600586
HN1555,0.05567312240600586
HN1555,0.05567312240600586
HN1555,0.05567312240600586
HN1555,0.05567312240600586
HN1555,0.05567312240600586
HN1555,0.05567312240600586
HN1555,0.05567312240600586
HN1555,0.05567312240600586
HN1555,0.05567312240600586
HN1555,0.05567312240600586
HN1555,0.05567312240600586
HN1813,0.03307938575744629
HN1813,0.03307938575744629
HN1813,0.03307938575744629
HN1813,0.03307938575744629
HN1813,0.03307938575744629
HN1813,0.03307938575744629
HN1813,0.03307938575744629
HN1813,0.03307938575744629
HN1022,0.050000667572021484
HN1022,0.050000667572021484
HN1022,0.050000667572021484
HN1022,0.050000667572021484
HN1022,0.050000667572021484
HN1022,0.050000667572021484
HN1022,0.050000667572021484
HN1022,0.050000667572021484
HN1022,0.050000667572021484
HN1022,0.050000667572021484
HN1022,0.050000667572021484
HN1022,0.050000667572021484
HN1357,0.05044698715209961
HN1357,0.05044698715209961
HN1357,0.05044698715209961
HN1357,0.05044698715209961
HN1357,0.05044698715209961
HN1357,0.05044698715209961
HN1357,0.05044698715209961
HN1357,0.05044698715209961
HN1357,0.05044698715209961
HN1357,0.05044698715209961
HN1342,0.05152177810668945
HN1192,0.03881120681762695
HN1192,0.03881120681762695
HN1192,0.03881120681762695
HN1192,0.03881120681762695
HN1192,0.03881120681762695
HN1192,0.03881120681762695
HN1123,0.0498805046081543
HN1123,0.0498805046081543
HN1123,0.0498805046081543
HN1123,0.0498805046081543
HN1123,0.0498805046081543
HN1123,0.0498805046081543
HN1123,0.0498805046081543
HN1123,0.0498805046081543
HN1123,0.0498805046081543
HN1123,0.0498805046081543
HN1123,0.0498805046081543
HN1123,0.0498805046081543
HN1123,0.0498805046081543
HN1117,0.05225062370300293
HN1117,0.05225062370300293
HN1117,0.05225062370300293
HN1117,0.05225062370300293
HN1117,0.05225062370300293
HN1117,0.05225062370300293
HN1117,0.05225062370300293
HN1117,0.05225062370300293
HN1117,0.05225062370300293
HN1117,0.05225062370300293
HN1117,0.05225062370300293
HN1117,0.05225062370300293
HN1117,0.05225062370300293
HN1901,0.035359859466552734
HN1901,0.035359859466552734
HN1901,0.035359859466552734
HN1901,0.035359859466552734
HN1901,0.035359859466552734
HN1901,0.035359859466552734
HN1901,0.035359859466552734
HN1901,0.035359859466552734
HN1057,0.05084824562072754
HN1057,0.05084824562072754
HN1057,0.05084824562072754
HN1057,0.05084824562072754
HN1057,0.05084824562072754
HN1057,0.05084824562072754
HN1057,0.05084824562072754
HN1057,0.05084824562072754
HN1057,0.05084824562072754
HN1057,0.05084824562072754
HN1057,0.05084824562072754
HN1057,0.05084824562072754
HN1057,0.05084824562072754
HN1102,-0.1029815673828125
HN1102,-0.1029815673828125
HN1102,-0.1029815673828125
HN1102,-0.1029815673828125
HN1102,-0.1029815673828125
HN1102,-0.1029815673828125
HN1102,-0.1029815673828125
HN1102,-0.1029815673828125
HN1102,-0.1029815673828125
HN1102,-0.1029815673828125
HN1102,-0.1029815673828125
HN1102,-0.1029815673828125
HN1102,-0.1029815673828125
HN1102,-0.1029815673828125
HN1139,0.05075383186340332
HN1139,0.05075383186340332
HN1139,0.05075383186340332
HN1139,0.05075383186340332
HN1139,0.05075383186340332
HN1139,0.05075383186340332
HN1139,0.05075383186340332
HN1139,0.05075383186340332
HN1139,0.05075383186340332
HN1139,0.05075383186340332
HN1139,0.05075383186340332
HN1139,0.05075383186340332
HN1139,0.05075383186340332
HN1412,0.04304385185241699
HN1412,0.04304385185241699
HN1412,0.04304385185241699
HN1412,0.04304385185241699
HN1412,0.04304385185241699
HN1412,0.04304385185241699
HN1412,0.04304385185241699
HN1412,0.04304385185241699
HN1412,0.04304385185241699
HN1412,0.04304385185241699
HN1412,0.04304385185241699
HN1412,0.04304385185241699
HN1412,0.04304385185241699
HN1968,0.05208945274353027
HN1968,0.05208945274353027
HN1968,0.05208945274353027
HN1968,0.05208945274353027
HN1968,0.05208945274353027
HN1968,0.05208945274353027
HN1968,0.05208945274353027
HN1968,0.05208945274353027
HN1968,0.05208945274353027
HN1968,0.05208945274353027
HN1968,0.05208945274353027
HN1968,0.05208945274353027
HN1444,0.05450034141540527
HN1444,0.05450034141540527
HN1046,0.035008907318115234
HN1046,0.035008907318115234
HN1046,0.035008907318115234
HN1046,0.035008907318115234
HN1046,0.035008907318115234
HN1046,0.035008907318115234
HN1046,0.035008907318115234
HN1046,0.035008907318115234
HN1046,0.035008907318115234
HN1046,0.035008907318115234
HN1026,0.0755152702331543
HN1026,0.0755152702331543
HN1026,0.0755152702331543
HN1026,0.0755152702331543
HN1026,0.0755152702331543
HN1026,0.0755152702331543
HN1026,0.0755152702331543
HN1026,0.0755152702331543
HN1026,0.0755152702331543
HN1029,0.05175304412841797
HN1029,0.05175304412841797
HN1029,0.05175304412841797
HN1029,0.05175304412841797
HN1029,0.05175304412841797
HN1029,0.05175304412841797
HN1029,0.05175304412841797
HN1029,0.05175304412841797
HN1029,0.05175304412841797
HN1029,0.05175304412841797
HN1029,0.05175304412841797
HN1029,0.05175304412841797
HN1029,0.05175304412841797
HN1029,0.05175304412841797
HN1368,0.050975799560546875
HN1368,0.050975799560546875
HN1368,0.050975799560546875
HN1368,0.050975799560546875
HN1368,0.050975799560546875
HN1368,0.050975799560546875
HN1368,0.050975799560546875
HN1368,0.050975799560546875
HN1368,0.050975799560546875
HN1368,0.050975799560546875
HN1368,0.050975799560546875
HN1368,0.050975799560546875
HN1368,0.050975799560546875
HN1368,0.050975799560546875
HN1417,0.05436348915100098
HN1417,0.05436348915100098
HN1417,0.05436348915100098
HN1417,0.05436348915100098
HN1417,0.05436348915100098
HN1417,0.05436348915100098
HN1417,0.05436348915100098
HN1417,0.05436348915100098
HN1417,0.05436348915100098
HN1417,0.05436348915100098
HN1417,0.05436348915100098
HN1118,0.04991793632507324
HN1118,0.04991793632507324
HN1118,0.04991793632507324
HN1118,0.04991793632507324
HN1118,0.04991793632507324
HN1118,0.04991793632507324
HN1118,0.04991793632507324
HN1118,0.04991793632507324
HN1118,0.04991793632507324
HN1118,0.04991793632507324
HN1118,0.04991793632507324
HN1118,0.04991793632507324
HN1118,0.04991793632507324
HN1892,0.05548858642578125
HN1892,0.05548858642578125
HN1892,0.05548858642578125
HN1892,0.05548858642578125
HN1892,0.05548858642578125
HN1892,0.05548858642578125
HN1892,0.05548858642578125
HN1892,0.05548858642578125
HN1892,0.05548858642578125
HN1892,0.05548858642578125
HN1892,0.05548858642578125
HN1486,0.07233309745788574
HN1486,0.07233309745788574
HN1486,0.07233309745788574
HN1486,0.07233309745788574
HN1486,0.07233309745788574
HN1486,0.07233309745788574
HN1486,0.07233309745788574
HN1486,0.07233309745788574
HN1486,0.07233309745788574
HN1486,0.07233309745788574
HN1486,0.07233309745788574
HN1088,0.03557848930358887
HN1088,0.03557848930358887
HN1088,0.03557848930358887
HN1088,0.03557848930358887
HN1088,0.03557848930358887
HN1088,0.03557848930358887
HN1760,0.04894518852233887
HN1760,0.04894518852233887
HN1092,0.03354334831237793
HN1092,0.03354334831237793
HN1092,0.03354334831237793
HN1092,0.03354334831237793
HN1092,0.03354334831237793
HN1092,0.03354334831237793
HN1092,0.03354334831237793
HN1748,0.0375370979309082
HN1748,0.0375370979309082
HN1748,0.0375370979309082
HN1748,0.0375370979309082
HN1748,0.0375370979309082
HN1748,0.0375370979309082
HN1748,0.0375370979309082
HN1748,0.0375370979309082
HN1748,0.0375370979309082
HN1748,0.0375370979309082
HN1748,0.0375370979309082
HN1748,0.0375370979309082
HN1748,0.0375370979309082
HN1469,0.05451631546020508
HN1469,0.05451631546020508
HN1469,0.05451631546020508
HN1469,0.05451631546020508
HN1469,0.05451631546020508
HN1469,0.05451631546020508
HN1469,0.05451631546020508
HN1469,0.05451631546020508
HN1469,0.05451631546020508
HN1469,0.05451631546020508
HN1469,0.05451631546020508
HN1469,0.05451631546020508
HN1469,0.05451631546020508
HN1469,0.05451631546020508
HN1469,0.05451631546020508
HN1355,0.050278663635253906
HN1146,0.03841400146484375
HN1146,0.03841400146484375
HN1146,0.03841400146484375
HN1146,0.03841400146484375
HN1146,0.03841400146484375
HN1146,0.03841400146484375
HN1146,0.03841400146484375
HN1146,0.03841400146484375
HN1146,0.03841400146484375
HN1146,0.03841400146484375
HN1146,0.03841400146484375
HN1146,0.03841400146484375
HN1146,0.03841400146484375
HN1146,0.03841400146484375
HN1648,0.05565810203552246
HN1648,0.05565810203552246
HN1648,0.05565810203552246
HN1648,0.05565810203552246
HN1648,0.05565810203552246
HN1648,0.05565810203552246
HN1648,0.05565810203552246
HN1648,0.05565810203552246
HN1648,0.05565810203552246
HN1648,0.05565810203552246
HN1648,0.05565810203552246
HN1648,0.05565810203552246
HN1648,0.05565810203552246
HN1648,0.05565810203552246
HN1648,0.05565810203552246
HN1572,0.03658628463745117
HN1572,0.03658628463745117
HN1572,0.03658628463745117
HN1572,0.03658628463745117
HN1572,0.03658628463745117
HN1572,0.03658628463745117
HN1792,0.03771233558654785
HN1792,0.03771233558654785
HN1792,0.03771233558654785
HN1792,0.03771233558654785
HN1792,0.03771233558654785
HN1792,0.03771233558654785
HN1792,0.03771233558654785
HN1792,0.03771233558654785
HN1792,0.03771233558654785
HN1792,0.03771233558654785
HN1792,0.03771233558654785
HN1792,0.03771233558654785
HN1792,0.03771233558654785
HN1077,0.03232908248901367
HN1077,0.03232908248901367
HN1485,0.051611900329589844
HN1485,0.051611900329589844
HN1485,0.051611900329589844
HN1485,0.051611900329589844
HN1485,0.051611900329589844
HN1485,0.051611900329589844
HN1485,0.051611900329589844
HN1485,0.051611900329589844
HN1485,0.051611900329589844
HN1485,0.051611900329589844
HN1485,0.051611900329589844
HN1485,0.051611900329589844
HN1485,0.051611900329589844
HN1271,0.05658125877380371
HN1271,0.05658125877380371
HN1271,0.05658125877380371
HN1271,0.05658125877380371
HN1271,0.05658125877380371
HN1271,0.05658125877380371
HN1310,0.04639625549316406
HN1310,0.04639625549316406
HN1719,0.040155887603759766
HN1719,0.040155887603759766
HN1719,0.040155887603759766
HN1719,0.040155887603759766
HN1719,0.040155887603759766
HN1719,0.040155887603759766
HN1719,0.040155887603759766
HN1719,0.040155887603759766
HN1719,0.040155887603759766
HN1719,0.040155887603759766
HN1719,0.040155887603759766
HN1719,0.040155887603759766
HN1006,0.0517733097076416
HN1006,0.0517733097076416
HN1006,0.0517733097076416
HN1006,0.0517733097076416
HN1006,0.0517733097076416
HN1006,0.0517733097076416
HN1006,0.0517733097076416
HN1006,0.0517733097076416
HN1006,0.0517733097076416
HN1006,0.0517733097076416
HN1006,0.0517733097076416
HN1006,0.0517733097076416
HN1006,0.0517733097076416
HN1006,0.0517733097076416
HN1006,0.0517733097076416
HN1244,0.039246320724487305
HN1244,0.039246320724487305
HN1244,0.039246320724487305
HN1244,0.039246320724487305
HN1244,0.039246320724487305
HN1244,0.039246320724487305
HN1244,0.039246320724487305
HN1244,0.039246320724487305
HN1244,0.039246320724487305
HN1339,0.03513169288635254
HN1339,0.03513169288635254
HN1339,0.03513169288635254
HN1339,0.03513169288635254
HN1339,0.03513169288635254
HN1215,0.05397391319274902
HN1215,0.05397391319274902
HN1215,0.05397391319274902
HN1215,0.05397391319274902
HN1215,0.05397391319274902
HN1215,0.05397391319274902
HN1215,0.05397391319274902
HN1215,0.05397391319274902
HN1215,0.05397391319274902
HN1215,0.05397391319274902
HN1215,0.05397391319274902
HN1215,0.05397391319274902
HN1215,0.05397391319274902
HN1215,0.05397391319274902
HN1653,0.07603144645690918
HN1653,0.07603144645690918
HN1653,0.07603144645690918
HN1653,0.07603144645690918
HN1653,0.07603144645690918
HN1653,0.07603144645690918
HN1653,0.07603144645690918
HN1653,0.07603144645690918
HN1653,0.07603144645690918
HN1653,0.07603144645690918
HN1653,0.07603144645690918
HN1653,0.07603144645690918
HN1653,0.07603144645690918
HN1356,0.0346217155456543
HN1356,0.0346217155456543
HN1356,0.0346217155456543
HN1356,0.0346217155456543
HN1356,0.0346217155456543
HN1356,0.0346217155456543
HN1356,0.0346217155456543
HN1356,0.0346217155456543
HN1356,0.0346217155456543
HN1356,0.0346217155456543
HN1356,0.0346217155456543
HN1356,0.0346217155456543
HN1170,0.04870176315307617
HN1170,0.04870176315307617
HN1170,0.04870176315307617
HN1170,0.04870176315307617
HN1170,0.04870176315307617
HN1170,0.04870176315307617
HN1170,0.04870176315307617
HN1170,0.04870176315307617
HN1170,0.04870176315307617
HN1170,0.04870176315307617
HN1083,0.05243563652038574
HN1083,0.05243563652038574
HN1083,0.05243563652038574
HN1083,0.05243563652038574
HN1367,0.03236985206604004
HN1367,0.03236985206604004
HN1367,0.03236985206604004
HN1367,0.03236985206604004
HN1367,0.03236985206604004
HN1367,0.03236985206604004
HN1367,0.03236985206604004
HN1815,0.05475664138793945
HN1815,0.05475664138793945
HN1815,0.05475664138793945
HN1815,0.05475664138793945
HN1815,0.05475664138793945
HN1815,0.05475664138793945
HN1815,0.05475664138793945
HN1815,0.05475664138793945
HN1815,0.05475664138793945
HN1815,0.05475664138793945
HN1815,0.05475664138793945
HN1815,0.05475664138793945
HN1815,0.05475664138793945
HN1372,0.05910539627075195
HN1372,0.05910539627075195
HN1372,0.05910539627075195
HN1372,0.05910539627075195
HN1372,0.05910539627075195
HN1372,0.05910539627075195
HN1372,0.05910539627075195
HN1372,0.05910539627075195
HN1372,0.05910539627075195
HN1372,0.05910539627075195
HN1372,0.05910539627075195
HN1372,0.05910539627075195
HN1372,0.05910539627075195
HN1062,0.046631813049316406
HN1062,0.046631813049316406
HN1062,0.046631813049316406
HN1062,0.046631813049316406
HN1461,0.05329585075378418
HN1461,0.05329585075378418
HN1461,0.05329585075378418
HN1461,0.05329585075378418
HN1461,0.05329585075378418
HN1461,0.05329585075378418
HN1461,0.05329585075378418
HN1461,0.05329585075378418
HN1461,0.05329585075378418
HN1461,0.05329585075378418
HN1461,0.05329585075378418
HN1429,0.05386829376220703
HN1429,0.05386829376220703
HN1429,0.05386829376220703
HN1429,0.05386829376220703
HN1429,0.05386829376220703
HN1429,0.05386829376220703
HN1429,0.05386829376220703
HN1429,0.05386829376220703
HN1429,0.05386829376220703
HN1429,0.05386829376220703
HN1429,0.05386829376220703
HN1429,0.05386829376220703
HN1429,0.05386829376220703
HN1514,0.03283953666687012
HN1514,0.03283953666687012
HN1180,0.05059981346130371
HN1180,0.05059981346130371
HN1180,0.05059981346130371
HN1180,0.05059981346130371
HN1180,0.05059981346130371
HN1180,0.05059981346130371
HN1180,0.05059981346130371
HN1180,0.05059981346130371
HN1180,0.05059981346130371
HN1180,0.05059981346130371
HN1180,0.05059981346130371
HN1180,0.05059981346130371
HN1465,0.08025121688842773
HN1465,0.08025121688842773
HN1465,0.08025121688842773
HN1465,0.08025121688842773
HN1465,0.08025121688842773
HN1465,0.08025121688842773
HN1465,0.08025121688842773
HN1465,0.08025121688842773
HN1465,0.08025121688842773
HN1465,0.08025121688842773
HN1465,0.08025121688842773
HN1465,0.08025121688842773
HN1519,0.03443002700805664
HN1519,0.03443002700805664
HN1519,0.03443002700805664
HN1519,0.03443002700805664
HN1519,0.03443002700805664
HN1319,0.04318571090698242
HN1319,0.04318571090698242
HN1319,0.04318571090698242
HN1294,0.05497026443481445
HN1294,0.05497026443481445
HN1294,0.05497026443481445
HN1294,0.05497026443481445
HN1294,0.05497026443481445
HN1294,0.05497026443481445
HN1294,0.05497026443481445
HN1294,0.05497026443481445
HN1294,0.05497026443481445
HN1294,0.05497026443481445
HN1294,0.05497026443481445
HN1294,0.05497026443481445
HN1294,0.05497026443481445
HN1294,0.05497026443481445
HN1600,0.05003547668457031
HN1060,0.03757929801940918
HN1060,0.03757929801940918
HN1060,0.03757929801940918
HN1060,0.03757929801940918
HN1060,0.03757929801940918
HN1060,0.03757929801940918
HN1060,0.03757929801940918
HN1060,0.03757929801940918
HN1047,0.07218790054321289
HN1998,0.06353259086608887
HN1998,0.06353259086608887
HN1998,0.06353259086608887
HN1998,0.06353259086608887
HN1998,0.06353259086608887
HN1998,0.06353259086608887
HN1998,0.06353259086608887
HN1998,0.06353259086608887
HN1998,0.06353259086608887
HN1363,0.05126070976257324
HN1363,0.05126070976257324
HN1363,0.05126070976257324
HN1363,0.05126070976257324
HN1363,0.05126070976257324
HN1363,0.05126070976257324
HN1363,0.05126070976257324
HN1363,0.05126070976257324
HN1363,0.05126070976257324
HN1363,0.05126070976257324
HN1363,0.05126070976257324
HN1363,0.05126070976257324
HN1987,0.05218338966369629
HN1987,0.05218338966369629
HN1987,0.05218338966369629
HN1987,0.05218338966369629
HN1987,0.05218338966369629
HN1987,0.05218338966369629
HN1987,0.05218338966369629
HN1987,0.05218338966369629
HN1987,0.05218338966369629
HN1987,0.05218338966369629
HN1987,0.05218338966369629
HN1987,0.05218338966369629
HN1987,0.05218338966369629
HN1987,0.05218338966369629
HN1987,0.05218338966369629
HN1074,0.05144381523132324
HN1074,0.05144381523132324
HN1074,0.05144381523132324
HN1074,0.05144381523132324
HN1074,0.05144381523132324
HN1074,0.05144381523132324
HN1074,0.05144381523132324
HN1074,0.05144381523132324
HN1074,0.05144381523132324
HN1074,0.05144381523132324
HN1074,0.05144381523132324
HN1074,0.05144381523132324
HN1074,0.05144381523132324
HN1483,0.0314023494720459
HN1483,0.0314023494720459
HN1483,0.0314023494720459
HN1483,0.0314023494720459
HN1483,0.0314023494720459
HN1483,0.0314023494720459
HN1081,0.07309079170227051
HN1081,0.07309079170227051
HN1081,0.07309079170227051
HN1081,0.07309079170227051
HN1081,0.07309079170227051
HN1081,0.07309079170227051
HN1081,0.07309079170227051
HN1081,0.07309079170227051
HN1081,0.07309079170227051
HN1081,0.07309079170227051
HN1081,0.07309079170227051
HN1081,0.07309079170227051
HN1054,0.050957441329956055
HN1054,0.050957441329956055
HN1054,0.050957441329956055
HN1054,0.050957441329956055
HN1054,0.050957441329956055
HN1054,0.050957441329956055
HN1054,0.050957441329956055
HN1054,0.050957441329956055
HN1054,0.050957441329956055
HN1054,0.050957441329956055
HN1054,0.050957441329956055
HN1054,0.050957441329956055
HN1054,0.050957441329956055
HN1054,0.050957441329956055
HN1004,0.039202213287353516
HN1004,0.039202213287353516
HN1004,0.039202213287353516
HN1004,0.039202213287353516
HN1004,0.039202213287353516
HN1004,0.039202213287353516
HN1004,0.039202213287353516
HN1004,0.039202213287353516
HN1004,0.039202213287353516
HN1004,0.039202213287353516
HN1004,0.039202213287353516
HN1004,0.039202213287353516
HN1562,0.04653811454772949
HN1562,0.04653811454772949
HN1127,0.052001953125
HN1127,0.052001953125
HN1127,0.052001953125
HN1127,0.052001953125
HN1127,0.052001953125
HN1127,0.052001953125
HN1127,0.052001953125
HN1127,0.052001953125
HN1127,0.052001953125
HN1127,0.052001953125
HN1127,0.052001953125
HN1127,0.052001953125
HN1127,0.052001953125
HN1127,0.052001953125
HN1127,0.052001953125
HN1106,0.06875324249267578
HN1106,0.06875324249267578
HN1501,0.03670907020568848
HN1501,0.03670907020568848
HN1501,0.03670907020568848
HN1501,0.03670907020568848
HN1501,0.03670907020568848
HN1501,0.03670907020568848
HN1501,0.03670907020568848
HN1501,0.03670907020568848
HN1501,0.03670907020568848
HN1501,0.03670907020568848
HN1501,0.03670907020568848
HN1501,0.03670907020568848
HN1501,0.03670907020568848
HN1501,0.03670907020568848
HN1501,0.03670907020568848
HN1910,0.030631542205810547
HN1910,0.030631542205810547
HN1950,0.05136704444885254
HN1950,0.05136704444885254
HN1950,0.05136704444885254
HN1950,0.05136704444885254
HN1950,0.05136704444885254
HN1950,0.05136704444885254
HN1950,0.05136704444885254
HN1950,0.05136704444885254
HN1950,0.05136704444885254
HN1950,0.05136704444885254
HN1950,0.05136704444885254
HN1487,0.034513235092163086
HN1487,0.034513235092163086
HN1487,0.034513235092163086
HN1487,0.034513235092163086
HN1487,0.034513235092163086
HN1487,0.034513235092163086
HN1487,0.034513235092163086
HN1487,0.034513235092163086
HN1487,0.034513235092163086
HN1791,0.05627918243408203
HN1791,0.05627918243408203
HN1791,0.05627918243408203
HN1791,0.05627918243408203
HN1791,0.05627918243408203
HN1791,0.05627918243408203
HN1791,0.05627918243408203
HN1791,0.05627918243408203
HN1791,0.05627918243408203
HN1791,0.05627918243408203
HN1791,0.05627918243408203
HN1791,0.05627918243408203
HN1791,0.05627918243408203
HN1791,0.05627918243408203
HN1400,0.03744840621948242
HN1400,0.03744840621948242
HN1400,0.03744840621948242
HN1400,0.03744840621948242
HN1400,0.03744840621948242
HN1400,0.03744840621948242
HN1400,0.03744840621948242
HN1400,0.03744840621948242
HN1400,0.03744840621948242
HN1400,0.03744840621948242
HN1400,0.03744840621948242
HN1400,0.03744840621948242
HN1400,0.03744840621948242
HN1400,0.03744840621948242
HN1400,0.03744840621948242
HN1369,0.05959177017211914
HN1369,0.05959177017211914
HN1369,0.05959177017211914
HN1369,0.05959177017211914
HN1369,0.05959177017211914
HN1369,0.05959177017211914
HN1369,0.05959177017211914
HN1095,0.05407238006591797
HN1095,0.05407238006591797
HN1095,0.05407238006591797
HN1095,0.05407238006591797
HN1095,0.05407238006591797
HN1095,0.05407238006591797
HN1095,0.05407238006591797
HN1095,0.05407238006591797
HN1095,0.05407238006591797
HN1095,0.05407238006591797
HN1095,0.05407238006591797
HN1095,0.05407238006591797
HN1827,-0.2588386535644531
HN1827,-0.2588386535644531
HN1827,-0.2588386535644531
HN1827,-0.2588386535644531
HN1827,-0.2588386535644531
HN1827,-0.2588386535644531
HN1827,-0.2588386535644531
HN1827,-0.2588386535644531
HN1827,-0.2588386535644531
HN1827,-0.2588386535644531
HN1827,-0.2588386535644531
HN1554,0.03526186943054199
HN1488,0.03848719596862793
HN1488,0.03848719596862793
HN1488,0.03848719596862793
HN1488,0.03848719596862793
HN1488,0.03848719596862793
HN1488,0.03848719596862793
HN1488,0.03848719596862793
HN1488,0.03848719596862793
HN1488,0.03848719596862793
HN1488,0.03848719596862793
HN1488,0.03848719596862793
HN1488,0.03848719596862793
HN1488,0.03848719596862793
HN1488,0.03848719596862793
HN1488,0.03848719596862793
HN1488,0.03848719596862793
HN1560,0.03356766700744629
HN1560,0.03356766700744629
HN1560,0.03356766700744629
HN1560,0.03356766700744629
HN1201,0.05144357681274414
HN1201,0.05144357681274414
HN1201,0.05144357681274414
HN1201,0.05144357681274414
HN1201,0.05144357681274414
HN1201,0.05144357681274414
HN1201,0.05144357681274414
HN1201,0.05144357681274414
HN1201,0.05144357681274414
HN1201,0.05144357681274414
HN1201,0.05144357681274414
HN1201,0.05144357681274414
HN1201,0.05144357681274414
HN1900,0.07174539566040039
HN1900,0.07174539566040039
HN1900,0.07174539566040039
HN1900,0.07174539566040039
HN1900,0.07174539566040039
HN1900,0.07174539566040039
HN1900,0.07174539566040039
HN1900,0.07174539566040039
HN1900,0.07174539566040039
HN1900,0.07174539566040039
HN1900,0.07174539566040039
HN1679,0.04795551300048828
HN1679,0.04795551300048828
HN1640,0.05460309982299805
HN1640,0.05460309982299805
HN1640,0.05460309982299805
HN1640,0.05460309982299805
HN1640,0.05460309982299805
HN1640,0.05460309982299805
HN1640,0.05460309982299805
HN1640,0.05460309982299805
HN1640,0.05460309982299805
HN1640,0.05460309982299805
HN1640,0.05460309982299805
HN1640,0.05460309982299805
HN1640,0.05460309982299805
HN1640,0.05460309982299805
HN1640,0.05460309982299805
HN1442,0.0517728328704834
HN1442,0.0517728328704834
HN1442,0.0517728328704834
HN1442,0.0517728328704834
HN1442,0.0517728328704834
HN1442,0.0517728328704834
HN1442,0.0517728328704834
HN1442,0.0517728328704834
HN1442,0.0517728328704834
HN1442,0.0517728328704834
HN1442,0.0517728328704834
HN1442,0.0517728328704834
HN1442,0.0517728328704834
HN1442,0.0517728328704834
HN1524,0.03743696212768555
HN1524,0.03743696212768555
HN1913,0.03206348419189453
HN1913,0.03206348419189453
HN1913,0.03206348419189453
HN1208,0.06518840789794922
HN1208,0.06518840789794922
HN1208,0.06518840789794922
HN1208,0.06518840789794922
HN1208,0.06518840789794922
HN1208,0.06518840789794922
HN1208,0.06518840789794922
HN1208,0.06518840789794922
HN1208,0.06518840789794922
HN1208,0.06518840789794922
HN1208,0.06518840789794922
HN1538,0.05172252655029297
HN1538,0.05172252655029297
HN1538,0.05172252655029297
HN1538,0.05172252655029297
HN1538,0.05172252655029297
HN1538,0.05172252655029297
HN1538,0.05172252655029297
HN1538,0.05172252655029297
HN1538,0.05172252655029297
HN1538,0.05172252655029297
HN1538,0.05172252655029297
HN1538,0.05172252655029297
HN1538,0.05172252655029297
HN1538,0.05172252655029297
HN1609,0.0346372127532959
HN1609,0.0346372127532959
HN1609,0.0346372127532959
HN1609,0.0346372127532959
HN1609,0.0346372127532959
HN1609,0.0346372127532959
HN1609,0.0346372127532959
HN1344,0.05819964408874512
HN1344,0.05819964408874512
HN1344,0.05819964408874512
HN1344,0.05819964408874512
HN1344,0.05819964408874512
HN1344,0.05819964408874512
HN1344,0.05819964408874512
HN1344,0.05819964408874512
HN1344,0.05819964408874512
HN1344,0.05819964408874512
HN1344,0.05819964408874512
HN1344,0.05819964408874512
HN1344,0.05819964408874512
HN1879,0.05377006530761719
HN1879,0.05377006530761719
HN1879,0.05377006530761719
HN1879,0.05377006530761719
HN1879,0.05377006530761719
HN1879,0.05377006530761719
HN1879,0.05377006530761719
HN1879,0.05377006530761719
HN1879,0.05377006530761719
HN1879,0.05377006530761719
HN1879,0.05377006530761719
HN1879,0.05377006530761719
HN1879,0.05377006530761719
HN1879,0.05377006530761719
HN1879,0.05377006530761719
HN1610,0.051874399185180664
HN1610,0.051874399185180664
HN1610,0.051874399185180664
HN1610,0.051874399185180664
HN1610,0.051874399185180664
HN1610,0.051874399185180664
HN1610,0.051874399185180664
HN1610,0.051874399185180664
HN1610,0.051874399185180664
HN1610,0.051874399185180664
HN1610,0.051874399185180664
HN1610,0.051874399185180664
HN1610,0.051874399185180664
HN1610,0.051874399185180664
HN1305,0.08421587944030762
HN1305,0.08421587944030762
HN1305,0.08421587944030762
HN1305,0.08421587944030762
HN1305,0.08421587944030762
HN1305,0.08421587944030762
HN1305,0.08421587944030762
HN1305,0.08421587944030762
HN1305,0.08421587944030762
HN1305,0.08421587944030762
HN1305,0.08421587944030762
HN1305,0.08421587944030762
HN1305,0.08421587944030762
HN1305,0.08421587944030762
HN1502,0.04009652137756348
HN1502,0.04009652137756348
HN1502,0.04009652137756348
HN1502,0.04009652137756348
HN1502,0.04009652137756348
HN1502,0.04009652137756348
HN1502,0.04009652137756348
HN1502,0.04009652137756348
HN1135,0.036754608154296875
HN1135,0.036754608154296875
HN1135,0.036754608154296875
HN1135,0.036754608154296875
HN1135,0.036754608154296875
HN1135,0.036754608154296875
HN1280,0.04665851593017578
HN1280,0.04665851593017578
HN1260,0.033769845962524414
HN1260,0.033769845962524414
HN1260,0.033769845962524414
HN1260,0.033769845962524414
HN1260,0.033769845962524414
HN1260,0.033769845962524414
HN1260,0.033769845962524414
HN1159,0.03423762321472168
HN1159,0.03423762321472168
HN1159,0.03423762321472168
HN1159,0.03423762321472168
HN1159,0.03423762321472168
HN1159,0.03423762321472168
HN1159,0.03423762321472168
HN1954,0.03070521354675293
HN1954,0.03070521354675293
HN1324,0.07323193550109863
HN1324,0.07323193550109863
HN1324,0.07323193550109863
HN1324,0.07323193550109863
HN1324,0.07323193550109863
HN1324,0.07323193550109863
HN1324,0.07323193550109863
HN1324,0.07323193550109863
HN1324,0.07323193550109863
HN1324,0.07323193550109863
HN1549,0.03178071975708008
HN1549,0.03178071975708008
HN1549,0.03178071975708008
HN1549,0.03178071975708008
HN1922,0.04980611801147461
HN1922,0.04980611801147461
HN1922,0.04980611801147461
HN1922,0.04980611801147461
HN1922,0.04980611801147461
HN1922,0.04980611801147461
HN1922,0.04980611801147461
HN1922,0.04980611801147461
HN1922,0.04980611801147461
HN1922,0.04980611801147461
HN1922,0.04980611801147461
HN1922,0.04980611801147461
HN1922,0.04980611801147461
HN1331,0.03285622596740723
HN1331,0.03285622596740723
HN1331,0.03285622596740723
HN1331,0.03285622596740723
HN1331,0.03285622596740723
HN1667,0.03316092491149902
HN1839,0.04101228713989258
HN1839,0.04101228713989258
HN1839,0.04101228713989258
HN1839,0.04101228713989258
HN1839,0.04101228713989258
HN1839,0.04101228713989258
HN1839,0.04101228713989258
HN1839,0.04101228713989258
HN1839,0.04101228713989258
HN1839,0.04101228713989258
HN1839,0.04101228713989258
HN1839,0.04101228713989258
HN1839,0.04101228713989258
HN1839,0.04101228713989258
HN1839,0.04101228713989258
HN1839,0.04101228713989258
HN1263,0.05280160903930664
HN1263,0.05280160903930664
HN1263,0.05280160903930664
HN1263,0.05280160903930664
HN1263,0.05280160903930664
HN1263,0.05280160903930664
HN1263,0.05280160903930664
HN1491,0.03678321838378906
HN1491,0.03678321838378906
HN1491,0.03678321838378906
HN1491,0.03678321838378906
HN1491,0.03678321838378906
HN1491,0.03678321838378906
HN1491,0.03678321838378906
HN1491,0.03678321838378906
HN1491,0.03678321838378906
HN1491,0.03678321838378906
HN1491,0.03678321838378906
HN1491,0.03678321838378906
HN1491,0.03678321838378906
HN1896,0.05049538612365723
HN1896,0.05049538612365723
HN1896,0.05049538612365723
HN1896,0.05049538612365723
HN1896,0.05049538612365723
HN1896,0.05049538612365723
HN1896,0.05049538612365723
HN1896,0.05049538612365723
HN1896,0.05049538612365723
HN1175,0.05502510070800781
HN1175,0.05502510070800781
HN1175,0.05502510070800781
HN1175,0.05502510070800781
HN1175,0.05502510070800781
HN1175,0.05502510070800781
HN1175,0.05502510070800781
HN1175,0.05502510070800781
HN1793,0.05026721954345703
HN1793,0.05026721954345703
HN1793,0.05026721954345703
HN1793,0.05026721954345703
HN1793,0.05026721954345703
HN1793,0.05026721954345703
HN1793,0.05026721954345703
HN1793,0.05026721954345703
HN1793,0.05026721954345703
HN1793,0.05026721954345703
HN1793,0.05026721954345703
HN1793,0.05026721954345703
HN1793,0.05026721954345703
HN1793,0.05026721954345703
HN1793,0.05026721954345703
HN1080,0.053663015365600586
HN1080,0.053663015365600586
HN1080,0.053663015365600586
HN1080,0.053663015365600586
HN1080,0.053663015365600586
HN1080,0.053663015365600586
HN1080,0.053663015365600586
HN1080,0.053663015365600586
HN1080,0.053663015365600586
HN1080,0.053663015365600586
HN1080,0.053663015365600586
HN1080,0.053663015365600586
HN1080,0.053663015365600586
HN1327,0.07007837295532227
HN1838,0.03507804870605469
HN1838,0.03507804870605469
HN1838,0.03507804870605469
HN1805,0.03806185722351074
HN1805,0.03806185722351074
HN1805,0.03806185722351074
HN1805,0.03806185722351074
HN1805,0.03806185722351074
HN1805,0.03806185722351074
HN1805,0.03806185722351074
HN1805,0.03806185722351074
HN1933,0.051412343978881836
HN1933,0.051412343978881836
HN1933,0.051412343978881836
HN1933,0.051412343978881836
HN1933,0.051412343978881836
HN1933,0.051412343978881836
HN1933,0.051412343978881836
HN1933,0.051412343978881836
HN1933,0.051412343978881836
HN1933,0.051412343978881836
HN1933,0.051412343978881836
HN1933,0.051412343978881836
HN1933,0.051412343978881836
HN1933,0.051412343978881836
